source_id,source_repository,source_revision,source_path,disposition,reason,target_path,license,required_notices
incerto-home,xshi19/incerto-wiki,9717c9cf83aee18b47f423a14bce2f0d14bb8bcb,content/index.md,imported,Accounted by the original adapted foundation Incerto entry at content/incerto/index.md; no wiki-home body dump or further eligible home import,content/incerto/index.md,MIT repository-owned entry; owner-controlled Incerto adaptations follow the owner MIT decision; historical CC-BY-4.0 metadata not copied,Repository LICENSE covers the original entry; existing Incerto body imports retain Copyright (c) 2023 xshi19 and full MIT notices in THIRD_PARTY_NOTICES.md and each adapted page; no new source body copied
incerto-pareto,xshi19/incerto-wiki,9717c9cf83aee18b47f423a14bce2f0d14bb8bcb,content/concepts/distributions/pareto.md,imported,Batch 1 imported and adapted; flat links; self-contained notation; static calculations; local strict HTML and math checks passed,content/incerto-pareto.md,MIT for owner-controlled import by owner decision; historical MyST CC-BY-4.0 not copied; no third-party assets or quotations included,Copyright (c) 2023 xshi19 and full MIT permission notice retained in THIRD_PARTY_NOTICES.md and each page source and HTML
incerto-regular-variation,xshi19/incerto-wiki,9717c9cf83aee18b47f423a14bce2f0d14bb8bcb,content/concepts/theorems/regular-variation.md,imported,Batch 1 imported and adapted; flat links; self-contained notation; static calculations; local strict HTML and math checks passed,content/incerto-regular-variation.md,MIT for owner-controlled import by owner decision; historical MyST CC-BY-4.0 not copied; no third-party assets or quotations included,Copyright (c) 2023 xshi19 and full MIT permission notice retained in THIRD_PARTY_NOTICES.md and each page source and HTML
incerto-karamata,xshi19/incerto-wiki,9717c9cf83aee18b47f423a14bce2f0d14bb8bcb,content/concepts/theorems/karamata.md,imported,Batch 1 imported and adapted; flat links; self-contained notation; static calculations; local strict HTML and math checks passed,content/incerto-karamata.md,MIT for owner-controlled import by owner decision; historical MyST CC-BY-4.0 not copied; no third-party assets or quotations included,Copyright (c) 2023 xshi19 and full MIT permission notice retained in THIRD_PARTY_NOTICES.md and each page source and HTML
incerto-pareto-moment-existence,xshi19/incerto-wiki,9717c9cf83aee18b47f423a14bce2f0d14bb8bcb,content/concepts/theorems/pareto-moment-existence.md,imported,Batch 1 imported and adapted; flat links; self-contained notation; static calculations; local strict HTML and math checks passed,content/incerto-pareto-moment-existence.md,MIT for owner-controlled import by owner decision; historical MyST CC-BY-4.0 not copied; no third-party assets or quotations included,Copyright (c) 2023 xshi19 and full MIT permission notice retained in THIRD_PARTY_NOTICES.md and each page source and HTML
incerto-mean-excess-function,xshi19/incerto-wiki,9717c9cf83aee18b47f423a14bce2f0d14bb8bcb,content/concepts/theorems/mean-excess-function.md,imported,Batch 1 imported and adapted; flat links; self-contained notation; static calculations; local strict HTML and math checks passed,content/incerto-mean-excess-function.md,MIT for owner-controlled import by owner decision; historical MyST CC-BY-4.0 not copied; no third-party assets or quotations included,Copyright (c) 2023 xshi19 and full MIT permission notice retained in THIRD_PARTY_NOTICES.md and each page source and HTML
incerto-hill,xshi19/incerto-wiki,9717c9cf83aee18b47f423a14bce2f0d14bb8bcb,content/concepts/methods/hill-estimator.md,imported,Batch 1 imported and adapted; flat links; self-contained notation; static calculations; local strict HTML and math checks passed,content/incerto-hill-estimator.md,MIT for owner-controlled import by owner decision; historical MyST CC-BY-4.0 not copied; no third-party assets or quotations included,Copyright (c) 2023 xshi19 and full MIT permission notice retained in THIRD_PARTY_NOTICES.md and each page source and HTML
incerto-extreme-value-index,xshi19/incerto-wiki,9717c9cf83aee18b47f423a14bce2f0d14bb8bcb,content/concepts/methods/extreme-value-index.md,imported,Batch 1 imported and adapted; flat links; self-contained notation; static calculations; local strict HTML and math checks passed,content/incerto-extreme-value-index.md,MIT for owner-controlled import by owner decision; historical MyST CC-BY-4.0 not copied; no third-party assets or quotations included,Copyright (c) 2023 xshi19 and full MIT permission notice retained in THIRD_PARTY_NOTICES.md and each page source and HTML
incerto-generalized-pareto,xshi19/incerto-wiki,9717c9cf83aee18b47f423a14bce2f0d14bb8bcb,content/concepts/distributions/generalized-pareto.md,imported,Batch 1 imported and adapted; flat links; self-contained notation; static calculations; local strict HTML and math checks passed,content/incerto-generalized-pareto.md,MIT for owner-controlled import by owner decision; historical MyST CC-BY-4.0 not copied; no third-party assets or quotations included,Copyright (c) 2023 xshi19 and full MIT permission notice retained in THIRD_PARTY_NOTICES.md and each page source and HTML
incerto-plug-in-tail-estimation,xshi19/incerto-wiki,9717c9cf83aee18b47f423a14bce2f0d14bb8bcb,content/concepts/methods/plug-in-tail-estimation.md,imported,Batch 1 imported and adapted; flat links; self-contained notation; static calculations; local strict HTML and math checks passed,content/incerto-plug-in-tail-estimation.md,MIT for owner-controlled import by owner decision; historical MyST CC-BY-4.0 not copied; no third-party assets or quotations included,Copyright (c) 2023 xshi19 and full MIT permission notice retained in THIRD_PARTY_NOTICES.md and each page source and HTML
incerto-pickands-balkema-de-haan,xshi19/incerto-wiki,9717c9cf83aee18b47f423a14bce2f0d14bb8bcb,content/concepts/theorems/pickands-balkema-de-haan.md,imported,Batch 2 imported and adapted; flat links; static calculations; qualifications reviewed; local verification recorded in docs/records/phase-2-batch-2-verification.md,content/incerto-pickands-balkema-de-haan.md,MIT for owner-controlled import by owner decision; historical MyST CC-BY-4.0 not copied; no third-party assets or quotations included,Copyright (c) 2023 xshi19 and full MIT permission notice retained in THIRD_PARTY_NOTICES.md and each page source and HTML
incerto-generalized-extreme-value,xshi19/incerto-wiki,9717c9cf83aee18b47f423a14bce2f0d14bb8bcb,content/concepts/distributions/generalized-extreme-value.md,imported,Batch 2 imported and adapted; flat links; static calculations; qualifications reviewed; local verification recorded in docs/records/phase-2-batch-2-verification.md,content/incerto-generalized-extreme-value.md,MIT for owner-controlled import by owner decision; historical MyST CC-BY-4.0 not copied; no third-party assets or quotations included,Copyright (c) 2023 xshi19 and full MIT permission notice retained in THIRD_PARTY_NOTICES.md and each page source and HTML
incerto-frechet,xshi19/incerto-wiki,9717c9cf83aee18b47f423a14bce2f0d14bb8bcb,content/concepts/distributions/frechet.md,imported,Batch 2 imported and adapted; flat links; static calculations; qualifications reviewed; local verification recorded in docs/records/phase-2-batch-2-verification.md,content/incerto-frechet.md,MIT for owner-controlled import by owner decision; historical MyST CC-BY-4.0 not copied; no third-party assets or quotations included,Copyright (c) 2023 xshi19 and full MIT permission notice retained in THIRD_PARTY_NOTICES.md and each page source and HTML
incerto-subexponentiality,xshi19/incerto-wiki,9717c9cf83aee18b47f423a14bce2f0d14bb8bcb,content/concepts/theorems/subexponentiality.md,imported,Batch 2 imported and adapted; flat links; static calculations; qualifications reviewed; local verification recorded in docs/records/phase-2-batch-2-verification.md,content/incerto-subexponentiality.md,MIT for owner-controlled import by owner decision; historical MyST CC-BY-4.0 not copied; no third-party assets or quotations included,Copyright (c) 2023 xshi19 and full MIT permission notice retained in THIRD_PARTY_NOTICES.md and each page source and HTML
incerto-survival-tail-ratio,xshi19/incerto-wiki,9717c9cf83aee18b47f423a14bce2f0d14bb8bcb,content/concepts/methods/survival-tail-ratio.md,imported,Batch 2 imported and adapted; flat links; static calculations; qualifications reviewed; local verification recorded in docs/records/phase-2-batch-2-verification.md,content/incerto-survival-tail-ratio.md,MIT for owner-controlled import by owner decision; historical MyST CC-BY-4.0 not copied; no third-party assets or quotations included,Copyright (c) 2023 xshi19 and full MIT permission notice retained in THIRD_PARTY_NOTICES.md and each page source and HTML
incerto-max-to-sum-ratio,xshi19/incerto-wiki,9717c9cf83aee18b47f423a14bce2f0d14bb8bcb,content/concepts/methods/max-to-sum-ratio.md,imported,Batch 2 imported and adapted; flat links; static calculations; qualifications reviewed; local verification recorded in docs/records/phase-2-batch-2-verification.md,content/incerto-max-to-sum-ratio.md,MIT for owner-controlled import by owner decision; historical MyST CC-BY-4.0 not copied; no third-party assets or quotations included,Copyright (c) 2023 xshi19 and full MIT permission notice retained in THIRD_PARTY_NOTICES.md and each page source and HTML
incerto-double-pareto,xshi19/incerto-wiki,9717c9cf83aee18b47f423a14bce2f0d14bb8bcb,content/concepts/distributions/double-pareto.md,imported,Batch 2 imported and adapted; flat links; static calculations; qualifications reviewed; local verification recorded in docs/records/phase-2-batch-2-verification.md,content/incerto-double-pareto.md,MIT for owner-controlled import by owner decision; historical MyST CC-BY-4.0 not copied; no third-party assets or quotations included,Copyright (c) 2023 xshi19 and full MIT permission notice retained in THIRD_PARTY_NOTICES.md and each page source and HTML
incerto-tail-threshold-selection,xshi19/incerto-wiki,9717c9cf83aee18b47f423a14bce2f0d14bb8bcb,content/concepts/methods/tail-threshold-selection.md,imported,Batch 2 imported and adapted; flat links; static calculations; qualifications reviewed; local verification recorded in docs/records/phase-2-batch-2-verification.md,content/incerto-tail-threshold-selection.md,MIT for owner-controlled import by owner decision; historical MyST CC-BY-4.0 not copied; no third-party assets or quotations included,Copyright (c) 2023 xshi19 and full MIT permission notice retained in THIRD_PARTY_NOTICES.md and each page source and HTML
incerto-body-shoulder-tail,xshi19/incerto-wiki,9717c9cf83aee18b47f423a14bce2f0d14bb8bcb,content/concepts/methods/body-shoulder-tail.md,imported,Batch 2 imported and adapted; flat links; static calculations; qualifications reviewed; local verification recorded in docs/records/phase-2-batch-2-verification.md,content/incerto-body-shoulder-tail.md,MIT for owner-controlled import by owner decision; historical MyST CC-BY-4.0 not copied; no third-party assets or quotations included,Copyright (c) 2023 xshi19 and full MIT permission notice retained in THIRD_PARTY_NOTICES.md and each page source and HTML
incerto-notation,xshi19/incerto-wiki,9717c9cf83aee18b47f423a14bce2f0d14bb8bcb,content/notation/index.md,imported,Accounted by the existing shared canon content/notation.md published at /math/notation/; no second notation table or further wiki notation body import,content/notation.md,MIT repository-owned shared canon; owner-controlled Incerto adaptations follow the owner MIT decision; historical CC-BY-4.0 metadata not copied,Repository LICENSE covers the shared canon; preserve existing Incerto copyright and MIT import notices; no new source body copied
incerto-scoft-intro,xshi19/incerto-wiki,9717c9cf83aee18b47f423a14bce2f0d14bb8bcb,content/reading-guides/taleb-scoft/intro.md,deferred,SCoFT reading guides require separate rights review; no chapter dump or import in eligible Phase 2 closeout,,Third-party book rights unresolved; owner MIT decision covers only owner-controlled material,Do not import pending rights review; retain applicable source copyright and permissions if a later import is approved
normix-gh,xshi19/normix,763bb3608920661a012cf089888d349fbf680aad,docs/theory/gh.md,imported,Normix Theory Batch 1 adapt executed; math and notation reviewed; static notes; local strict HTML and math checks recorded in docs/records/phase-2-normix-batch-1-verification.md,content/normix-generalized-hyperbolic.md,MIT upstream; no third-party assets or substantial quotations included,Copyright (c) 2020 xshi19 and full MIT permission notice retained in THIRD_PARTY_NOTICES.md and each page source and HTML
normix-gig,xshi19/normix,763bb3608920661a012cf089888d349fbf680aad,docs/theory/gig.md,imported,Normix Theory Batch 1 adapt executed; math and notation reviewed; static notes; local strict HTML and math checks recorded in docs/records/phase-2-normix-batch-1-verification.md,content/normix-generalized-inverse-gaussian.md,MIT upstream; no third-party assets or substantial quotations included,Copyright (c) 2020 xshi19 and full MIT permission notice retained in THIRD_PARTY_NOTICES.md and each page source and HTML
normix-em-algorithm,xshi19/normix,763bb3608920661a012cf089888d349fbf680aad,docs/theory/em_algorithm.md,imported,Normix Theory Batch 1 adapt executed; math and notation reviewed; static notes; local strict HTML and math checks recorded in docs/records/phase-2-normix-batch-1-verification.md,content/normix-em-algorithm.md,MIT upstream; no third-party assets or substantial quotations included,Copyright (c) 2020 xshi19 and full MIT permission notice retained in THIRD_PARTY_NOTICES.md and each page source and HTML
normix-exponential-family-core,xshi19/normix,763bb3608920661a012cf089888d349fbf680aad,docs/design/exponential_family.md,imported,Normix Theory Batch 1 rewrite executed; math and notation reviewed; static notes; local strict HTML and math checks recorded in docs/records/phase-2-normix-batch-1-verification.md,content/normix-exponential-family-core.md,MIT upstream; no third-party assets or substantial quotations included,Copyright (c) 2020 xshi19 and full MIT permission notice retained in THIRD_PARTY_NOTICES.md and each page source and HTML
normix-mixture-architecture,xshi19/normix,763bb3608920661a012cf089888d349fbf680aad,docs/design/mixtures.md,imported,Normix Theory Batch 1 rewrite executed; math and notation reviewed; static notes; local strict HTML and math checks recorded in docs/records/phase-2-normix-batch-1-verification.md,content/normix-mixture-architecture.md,MIT upstream; no third-party assets or substantial quotations included,Copyright (c) 2020 xshi19 and full MIT permission notice retained in THIRD_PARTY_NOTICES.md and each page source and HTML
normix-why-not-gradient-descent,xshi19/normix,763bb3608920661a012cf089888d349fbf680aad,docs/design/why_not_gradient_descent.md,imported,Normix Theory Batch 1 adapt executed; math and notation reviewed; static notes; local strict HTML and math checks recorded in docs/records/phase-2-normix-batch-1-verification.md,content/normix-why-not-gradient-descent.md,MIT upstream; no third-party assets or substantial quotations included,Copyright (c) 2020 xshi19 and full MIT permission notice retained in THIRD_PARTY_NOTICES.md and each page source and HTML
normix-gh-family-tour,xshi19/normix,763bb3608920661a012cf089888d349fbf680aad,docs/tutorials/core/02_gh_family_tour.md,imported,Normix Theory Batch 1 rewrite executed; math and notation reviewed; static notes; local strict HTML and math checks recorded in docs/records/phase-2-normix-batch-1-verification.md,content/normix-gh-family-tour.md,MIT upstream; no third-party assets or substantial quotations included,Copyright (c) 2020 xshi19 and full MIT permission notice retained in THIRD_PARTY_NOTICES.md and each page source and HTML
normix-normal-mixtures,xshi19/normix,763bb3608920661a012cf089888d349fbf680aad,docs/tutorials/distributions/04_normal_mixtures.md,imported,Normix Theory Batch 1 rewrite executed; math and notation reviewed; static notes; local strict HTML and math checks recorded in docs/records/phase-2-normix-batch-1-verification.md,content/normix-normal-mixtures.md,MIT upstream; no third-party assets or substantial quotations included,Copyright (c) 2020 xshi19 and full MIT permission notice retained in THIRD_PARTY_NOTICES.md and each page source and HTML
normix-api,xshi19/normix,763bb3608920661a012cf089888d349fbf680aad,docs/api/index.rst,stay,Package API documentation stays upstream,,MIT root,Retain upstream notices in place
hub-incerto-home-export,xshi19/xshi19.github.io,0768d3ce6814072c1a8dce77a2f8331e0bf682d7,incerto-wiki/build/index-995d9205321c1213987db72d01de44bf.md,exclude,Generated export: URL evidence and rollback only; rebuild from reviewed source,,Historic export metadata CC-BY-4.0; artifact rights not fully audited,Do not relabel archived artifact; future source imports follow owner decision
incerto-cramer-condition,xshi19/incerto-wiki,9717c9cf83aee18b47f423a14bce2f0d14bb8bcb,content/concepts/theorems/cramer-condition.md,imported,Batch 3 adapted or rewritten; flat links; static calculations; Normix mixture boundary; local verification in docs/records/phase-2-batch-3-verification.md,content/incerto-cramer-condition.md,MIT for owner-controlled import by owner decision; historical MyST CC-BY-4.0 not copied; no third-party assets or quotations included,Copyright (c) 2023 xshi19 and full MIT permission notice retained in THIRD_PARTY_NOTICES.md and each page source and HTML
incerto-generalized-central-limit-theorem,xshi19/incerto-wiki,9717c9cf83aee18b47f423a14bce2f0d14bb8bcb,content/concepts/theorems/generalized-central-limit-theorem.md,imported,Batch 3 adapted or rewritten; flat links; static calculations; Normix mixture boundary; local verification in docs/records/phase-2-batch-3-verification.md,content/incerto-generalized-central-limit-theorem.md,MIT for owner-controlled import by owner decision; historical MyST CC-BY-4.0 not copied; no third-party assets or quotations included,Copyright (c) 2023 xshi19 and full MIT permission notice retained in THIRD_PARTY_NOTICES.md and each page source and HTML
incerto-lln-failure,xshi19/incerto-wiki,9717c9cf83aee18b47f423a14bce2f0d14bb8bcb,content/concepts/theorems/lln-failure.md,imported,Batch 3 adapted or rewritten; flat links; static calculations; Normix mixture boundary; local verification in docs/records/phase-2-batch-3-verification.md,content/incerto-lln-failure.md,MIT for owner-controlled import by owner decision; historical MyST CC-BY-4.0 not copied; no third-party assets or quotations included,Copyright (c) 2023 xshi19 and full MIT permission notice retained in THIRD_PARTY_NOTICES.md and each page source and HTML
incerto-iso-density-tail-geometry,xshi19/incerto-wiki,9717c9cf83aee18b47f423a14bce2f0d14bb8bcb,content/concepts/methods/iso-density-tail-geometry.md,imported,Batch 3 adapted or rewritten; flat links; static calculations; Normix mixture boundary; local verification in docs/records/phase-2-batch-3-verification.md,content/incerto-iso-density-tail-geometry.md,MIT for owner-controlled import by owner decision; historical MyST CC-BY-4.0 not copied; no third-party assets or quotations included,Copyright (c) 2023 xshi19 and full MIT permission notice retained in THIRD_PARTY_NOTICES.md and each page source and HTML
incerto-tail-class-catalog,xshi19/incerto-wiki,9717c9cf83aee18b47f423a14bce2f0d14bb8bcb,content/concepts/distributions/tail-class-catalog.md,imported,Batch 3 adapted or rewritten; flat links; static calculations; Normix mixture boundary; local verification in docs/records/phase-2-batch-3-verification.md,content/incerto-tail-class-catalog.md,MIT for owner-controlled import by owner decision; historical MyST CC-BY-4.0 not copied; no third-party assets or quotations included,Copyright (c) 2023 xshi19 and full MIT permission notice retained in THIRD_PARTY_NOTICES.md and each page source and HTML
incerto-theorem-concepts,xshi19/incerto-wiki,9717c9cf83aee18b47f423a14bce2f0d14bb8bcb,content/concepts/theorem-concepts.md,imported,Batch 3 adapted or rewritten; flat links; static calculations; Normix mixture boundary; local verification in docs/records/phase-2-batch-3-verification.md,content/incerto-theorem-concepts.md,MIT for owner-controlled import by owner decision; historical MyST CC-BY-4.0 not copied; no third-party assets or quotations included,Copyright (c) 2023 xshi19 and full MIT permission notice retained in THIRD_PARTY_NOTICES.md and each page source and HTML
incerto-method-concepts,xshi19/incerto-wiki,9717c9cf83aee18b47f423a14bce2f0d14bb8bcb,content/concepts/method-concepts.md,imported,Batch 3 adapted or rewritten; flat links; static calculations; Normix mixture boundary; local verification in docs/records/phase-2-batch-3-verification.md,content/incerto-method-concepts.md,MIT for owner-controlled import by owner decision; historical MyST CC-BY-4.0 not copied; no third-party assets or quotations included,Copyright (c) 2023 xshi19 and full MIT permission notice retained in THIRD_PARTY_NOTICES.md and each page source and HTML
incerto-distribution-concepts,xshi19/incerto-wiki,9717c9cf83aee18b47f423a14bce2f0d14bb8bcb,content/concepts/distribution-concepts.md,imported,Batch 3 adapted or rewritten; flat links; static calculations; Normix mixture boundary; local verification in docs/records/phase-2-batch-3-verification.md,content/incerto-distribution-concepts.md,MIT for owner-controlled import by owner decision; historical MyST CC-BY-4.0 not copied; no third-party assets or quotations included,Copyright (c) 2023 xshi19 and full MIT permission notice retained in THIRD_PARTY_NOTICES.md and each page source and HTML
normix-online-em,xshi19/normix,763bb3608920661a012cf089888d349fbf680aad,docs/theory/online_em.md,imported,Normix Theory Batch 2 adapt executed; aligned notation and static mathematics; verification in docs/records/phase-2-normix-batch-2-verification.md,content/normix-online-em.md,MIT upstream; no third-party assets or substantial quotations included,Copyright (c) 2020 xshi19 and full MIT permission notice retained in THIRD_PARTY_NOTICES.md and each page source and HTML
normix-factor-analysis,xshi19/normix,763bb3608920661a012cf089888d349fbf680aad,docs/theory/factor_analysis.md,imported,Normix Theory Batch 2 adapt executed; aligned notation and static mathematics; verification in docs/records/phase-2-normix-batch-2-verification.md,content/normix-factor-analysis.md,MIT upstream; no third-party assets or substantial quotations included,Copyright (c) 2020 xshi19 and full MIT permission notice retained in THIRD_PARTY_NOTICES.md and each page source and HTML
normix-shrinkage,xshi19/normix,763bb3608920661a012cf089888d349fbf680aad,docs/theory/shrinkage.md,imported,Normix Theory Batch 2 adapt executed; aligned notation and static mathematics; verification in docs/records/phase-2-normix-batch-2-verification.md,content/normix-shrinkage.md,MIT upstream; no third-party assets or substantial quotations included,Copyright (c) 2020 xshi19 and full MIT permission notice retained in THIRD_PARTY_NOTICES.md and each page source and HTML
normix-varentropy,xshi19/normix,763bb3608920661a012cf089888d349fbf680aad,docs/theory/varentropy.md,imported,Normix Theory Batch 2 adapt executed; aligned notation and static mathematics; verification in docs/records/phase-2-normix-batch-2-verification.md,content/normix-varentropy.md,MIT upstream; no third-party assets or substantial quotations included,Copyright (c) 2020 xshi19 and full MIT permission notice retained in THIRD_PARTY_NOTICES.md and each page source and HTML
normix-em-framework,xshi19/normix,763bb3608920661a012cf089888d349fbf680aad,docs/design/em_framework.md,imported,Normix Theory Batch 2 rewrite executed; aligned notation and static mathematics; verification in docs/records/phase-2-normix-batch-2-verification.md,content/normix-em-framework.md,MIT upstream; no third-party assets or substantial quotations included,Copyright (c) 2020 xshi19 and full MIT permission notice retained in THIRD_PARTY_NOTICES.md and each page source and HTML
incerto-empirical-examples,xshi19/incerto-wiki,9717c9cf83aee18b47f423a14bce2f0d14bb8bcb,content/concepts/examples/*,deferred,Batch 3 defers sp500-tail / amazon-bookrank / nyc-dog-name-tail / dispersion-ratio / lln-preasymptotic to a separate examples batch with data provenance and rights review,,Owner-controlled material follows owner MIT decision on import; data and third-party asset rights not reviewed,No import; retain source notices upstream and review item-level permissions before any later import
incerto-empirical-example-concepts,xshi19/incerto-wiki,9717c9cf83aee18b47f423a14bce2f0d14bb8bcb,content/concepts/empirical-example-concepts.md,deferred,Examples index deferred with the data examples; separate examples batch and data-rights review,,Owner-controlled material follows owner MIT decision on import; data and third-party asset rights not reviewed,No import; retain source notices upstream and review item-level permissions before any later import
incerto-dependency-dag,xshi19/incerto-wiki,9717c9cf83aee18b47f423a14bce2f0d14bb8bcb,content/concepts/dependency-dag.md,deferred,Iframe and JavaScript graph navigation deferred by Batch 3 to a later navigation change,,Owner-controlled material follows owner MIT decision on import; data and third-party asset rights not reviewed,No import; retain source notices upstream and review item-level permissions before any later import
incerto-graph-assets,xshi19/incerto-wiki,9717c9cf83aee18b47f423a14bce2f0d14bb8bcb,assets/graphs/*,deferred,Graph assets accompany the deferred dependency DAG; iframe and JavaScript handling require a later navigation change,,Owner-controlled material follows owner MIT decision on import; data and third-party asset rights not reviewed,No import; retain source notices upstream and review item-level permissions before any later import
incerto-normal-mixture,xshi19/incerto-wiki,9717c9cf83aee18b47f423a14bce2f0d14bb8bcb,content/concepts/distributions/normal-mixture.md,exclude,Normix owns the mixture narrative; use existing content/normix-normal-mixtures.md and content/normix-mixture-architecture.md; exclude duplicate Incerto import,,Owner-controlled Incerto source remains upstream; existing Normix imports are MIT,No Incerto body imported; retain upstream notices and existing Normix copyright and MIT import notices
incerto-variance-gamma,xshi19/incerto-wiki,9717c9cf83aee18b47f423a14bce2f0d14bb8bcb,content/concepts/distributions/variance-gamma.md,exclude,Normix owns the GH-VG narrative; use existing content/normix-generalized-hyperbolic.md and content/normix-gh-family-tour.md; exclude duplicate Incerto import,,Owner-controlled Incerto source remains upstream; existing Normix imports are MIT,No Incerto body imported; retain upstream notices and existing Normix copyright and MIT import notices
normix-finance-enb,xshi19/normix,763bb3608920661a012cf089888d349fbf680aad,docs/theory/enb.md,stay,Portfolio and risk theory remains upstream; explicitly excluded from Normix Theory Batch 2 eligible scope,,MIT upstream,Retain upstream notices in place; no body imported
normix-finance-generalized-enb,xshi19/normix,763bb3608920661a012cf089888d349fbf680aad,docs/theory/generalized_enb.md,stay,Portfolio and risk theory remains upstream; explicitly excluded from Normix Theory Batch 2 eligible scope,,MIT upstream,Retain upstream notices in place; no body imported
normix-finance-cvar-derivatives,xshi19/normix,763bb3608920661a012cf089888d349fbf680aad,docs/theory/cvar_derivatives.md,stay,Portfolio and risk theory remains upstream; explicitly excluded from Normix Theory Batch 2 eligible scope,,MIT upstream,Retain upstream notices in place; no body imported
normix-finance-mean-risk-optimization,xshi19/normix,763bb3608920661a012cf089888d349fbf680aad,docs/theory/mean_risk_optimization.md,stay,Portfolio and risk theory remains upstream; explicitly excluded from Normix Theory Batch 2 eligible scope,,MIT upstream,Retain upstream notices in place; no body imported
normix-finance-transaction-costs,xshi19/normix,763bb3608920661a012cf089888d349fbf680aad,docs/theory/transaction_costs.md,stay,Portfolio and risk theory remains upstream; explicitly excluded from Normix Theory Batch 2 eligible scope,,MIT upstream,Retain upstream notices in place; no body imported
